feature,gain
1,66741.41007098556
2,27586.230945527554
0,20603.5206092
4,13090.19115036726
6,11519.94405901432
5,10300.431828022003
3,8585.637706786394
