feature,gain
5,113231.3284239322
15,53326.5140221715
1,45355.358021855354
2,44392.70722180605
16,26568.67093989253
10,26311.489207923412
7,24269.156159490347
12,19594.60709054768
11,18006.545023679733
8,14862.647469758987
14,14624.338486999273
3,6604.499361127615
6,3550.5367602705956
17,3236.2113087773323
13,3235.9104194641113
18,2433.7446746230125
4,74.80599975585938
0,0.0
9,0.0
